,MAE,MSE,RMSE,R2,set,modelo
0,1.8997198558860697,14.842131246042698,3.852548668873983,0.666688123910496,test,Decision tree I
1,6.113253363442318e-17,1.8910194167877103e-31,4.348585306496482e-16,1.0,train,Decision tree I
0,0.459945808883166,0.4094236248184802,0.6398621920526952,0.9908055147713372,test,Linear Regresion
1,0.4689115279638794,0.4536421449620083,0.6735296169894894,0.9891849016612178,train,LinearRegression
