,MAE,MSE,RMSE,R2,set,modelo
0,0.459945808883166,0.4094236248184802,0.6398621920526952,0.9908055147713373,test,Linear Regresion
1,0.46891152796387947,0.4536421449620083,0.6735296169894894,0.9891849016612178,train,LinearRegression
